{"id":"f4e68814-c1c2-48c1-8570-d90be5e2b500","alias":"ReactReduxWebPart","componentType":"WebPart","version":"0.0.1","manifestVersion":2,"requiresCustomScript":false,"supportedHosts":["SharePointWebPart"],"preconfiguredEntries":[{"groupId":"5c03119e-3074-46fd-976b-c60198311f70","group":{"default":"Other"},"title":{"default":"React-Redux"},"description":{"default":"React-Redux description"},"officeFabricIconFontName":"Page","properties":{"description":"React-Redux"}}],"loaderConfig":{"entryModuleId":"react-redux-web-part","internalModuleBaseUrls":["<!-- PATH TO CDN -->/"],"scriptResources":{"react-redux-web-part":{"type":"path","path":"react-redux-web-part_233098473d643f6df9b136a5ce1d3bb2.js"},"jquery":{"type":"path","path":"jquery_220afd743d9e9643852e31a135a9f3ae.js"},"ReactReduxWebPartStrings":{"defaultPath":"react-redux-reactreduxwebpartstrings_en-us_536e65149b0acf4d52c0043073b9fc59.js","type":"localizedPath","paths":{}},"react":{"type":"component","version":"16.8.5","id":"0d910c1c-13b9-4e1c-9aa4-b008c5e42d7d"},"react-dom":{"type":"component","version":"16.8.5","id":"aa0a46ec-1505-43cd-a44a-93f3a5aa460a"},"@microsoft/sp-webpart-base":{"type":"component","version":"1.9.1","id":"974a7777-0990-4136-8fa6-95d80114c2e0"},"@microsoft/sp-loader":{"type":"component","version":"1.9.1","id":"1c6c9123-7aac-41f3-a376-3caea41ed83f"},"@microsoft/sp-core-library":{"type":"component","version":"1.9.1","id":"7263c7d0-1d6a-45ec-8d85-d4d1d234171b"}}}}