{
  "$schema": "https://developer.microsoft.com/json-schemas/spfx/client-side-web-part-manifest.schema.json",
  "id": "279131ab-a142-4725-9a16-f1bbba37f4f5",
  "alias": "HelloWorldWebPart",
  "componentType": "WebPart",
  "version": "*",
  "manifestVersion": 2,

  "requiresCustomScript": false,
  "supportedHosts": ["SharePointWebPart"],

  "preconfiguredEntries": [{
    "groupId": "5c03119e-3074-46fd-976b-c60198311f70",
    "group": { "default": "Other" },
    "title": { "default": "HelloWorld" },
    "description": { "default": "HelloWorld description" },
    "officeFabricIconFontName": "Page",
    "properties": {
      "listName": "HelloWorld",
      "selectedIds": [],
      "pageSize": 100
    }
  }]
}
