{"id":"279131ab-a142-4725-9a16-f1bbba37f4f5","alias":"HelloWorldWebPart","componentType":"WebPart","version":"0.0.1","manifestVersion":2,"requiresCustomScript":false,"supportedHosts":["SharePointWebPart"],"preconfiguredEntries":[{"groupId":"5c03119e-3074-46fd-976b-c60198311f70","group":{"default":"Other"},"title":{"default":"HelloWorld"},"description":{"default":"HelloWorld description"},"officeFabricIconFontName":"Page","properties":{"listName":"HelloWorld","selectedIds":[],"pageSize":100}}],"loaderConfig":{"entryModuleId":"hello-world-web-part","internalModuleBaseUrls":["<!-- PATH TO CDN -->/"],"scriptResources":{"hello-world-web-part":{"type":"path","path":"hello-world-web-part_217278b26c973f2ecb2fba8105dd6862.js"},"HelloWorldWebPartStrings":{"defaultPath":"react-custompropertypanecontrol-helloworldwebpartstrings_en-us_536e65149b0acf4d52c0043073b9fc59.js","type":"localizedPath","paths":{}},"react":{"type":"component","version":"16.8.5","id":"0d910c1c-13b9-4e1c-9aa4-b008c5e42d7d"},"react-dom":{"type":"component","version":"16.8.5","id":"aa0a46ec-1505-43cd-a44a-93f3a5aa460a"},"@microsoft/sp-webpart-base":{"type":"component","version":"1.9.1","id":"974a7777-0990-4136-8fa6-95d80114c2e0"},"@microsoft/sp-http":{"type":"component","version":"1.9.1","id":"c07208f0-ea3b-4c1a-9965-ac1b825211a6"},"@microsoft/sp-lodash-subset":{"type":"component","version":"1.9.1","id":"73e1dc6c-8441-42cc-ad47-4bd3659f8a3a"},"@microsoft/sp-loader":{"type":"component","version":"1.9.1","id":"1c6c9123-7aac-41f3-a376-3caea41ed83f"},"@microsoft/sp-core-library":{"type":"component","version":"1.9.1","id":"7263c7d0-1d6a-45ec-8d85-d4d1d234171b"},"@microsoft/sp-property-pane":{"type":"component","version":"1.9.1","id":"f9e737b7-f0df-4597-ba8c-3060f82380db"}}}}